{
	"format_version": "1.8.0",
	"minecraft:client_entity": {
		"description": {
			"identifier": "myname:horror",
			"min_engine_version": "1.8.0",
			"materials": {
				"default": "entity_emissive_alpha",
				"invisible": "enderman_invisible"
			},
			"textures": {
				"default": "textures/entity/horror"
			},
			"geometry": {
				"default": "geometry.horror"
			},
			"scripts": {
				"pre_animation": ["variable.tcos0 = (Math.cos(query.modified_distance_moved * 38.17) * query.modified_move_speed / variable.gliding_speed_value) * 28.65;"]
			},
			"animations": {
				"look_at_target_default": "animation.humanoid.look_at_target.default",
				"look_at_target_gliding": "animation.humanoid.look_at_target.gliding",
				"look_at_target_swimming": "animation.humanoid.look_at_target.swimming",
				"move": "animation.horror.move",
				"attack.rotations": "animation.horror.attack.rotations",
				"bob": "animation.horror.bob",
				"arms_legs": "animation.horror.arms_legs",
				"carrying": "animation.horror.carrying",
				"scary_face": "animation.horror.scary_face"
			},
			"animation_controllers": [
				{
					"look_at_target": "controller.animation.humanoid.look_at_target"
				},
				{
					"move": "controller.animation.humanoid.move"
				},
				{
					"attack": "controller.animation.humanoid.attack"
				},
				{
					"bob": "controller.animation.humanoid.bob"
				},
				{
					"carrying": "controller.animation.enderman.carrying"
				},
				{
					"scary_face": "controller.animation.enderman.scary_face"
				}
			],
			"render_controllers": ["controller.render.enderman"],
			"spawn_egg": {
				"base_color": "#fe461a",
				"overlay_color": "#501609"
			}
		}
	}
}