{
	"format_version": "1.8.0",
	"animations": {
		"animation.horror.arms_legs": {
			"loop": true,
			"bones": {
				"leftArm": {
					"rotation": ["math.clamp(this, -22.92, 22.92) - this", 0, 0]
				},
				"leftLeg": {
					"rotation": ["math.clamp(this, -22.92, 22.92) - this", 0, 0]
				},
				"rightArm": {
					"rotation": ["math.clamp(this, -22.92, 22.92) - this", 0, 0]
				},
				"rightLeg": {
					"rotation": ["math.clamp(this, -22.92, 22.92) - this", 0, 0]
				},
				"rightArm2": {
					"rotation": ["math.clamp(this, -22.92, 22.92) - this", 0, 0]
				},
				"leftArm2": {
					"rotation": ["math.clamp(this, -22.92, 22.92) - this", 0, 0]
				},
				"rightLeg2": {
					"rotation": ["math.clamp(this, -22.92, 22.92) - this", 0, 0]
				},
				"leftLeg2": {
					"rotation": ["math.clamp(this, -22.92, 22.92) - this", 0, 0]
				}
			}
		},
		"animation.horror.carrying": {
			"loop": true,
			"bones": {
				"leftArm": {
					"rotation": ["-28.65 - this", 0, "-2.87 - this"]
				},
				"rightArm": {
					"rotation": ["-28.65 - this", 0, "2.87 - this"]
				},
				"rightArm2": {
					"rotation": ["-28.65 - this", 0, "2.87 - this"]
				},
				"leftArm2": {
					"rotation": ["-28.65 - this", 0, "-2.87 - this"]
				}
			}
		},
		"animation.horror.scary_face": {
			"loop": true,
			"animation_length": 5.125,
			"bones": {
				"hat": {
					"position": [0, "-5.0 - this", 0]
				},
				"head": {
					"position": {
						"0.0": [0, "53 - this", 0],
						"1.4583": [0, "6 - this", 0]
					}
				},
				"head2": {
					"position": [0, "5.0 - this", 0]
				},
				"hat2": {
					"position": {
						"0.0": [0, -5, 0],
						"1.3333": [0, -4, 0],
						"1.4583": [0, -1, 0]
					}
				},
				"hat3": {
					"position": {
						"0.0": [0, -1.09, 0],
						"1.6667": [0, -1.27, 0],
						"5.125": [0, -26.09, 0]
					}
				}
			}
		},
		"animation.horror.attack.rotations": {
			"loop": true,
			"bones": {
				"body": {
					"rotation": [0, "math.sin(math.sqrt(variable.attack_time) * 360) * 11.46 - this", 0]
				},
				"leftArm": {
					"rotation": ["math.sin(math.sqrt(variable.attack_time) * 360) * 11.46", 0, 0]
				},
				"rightArm": {
					"rotation": [
						"math.sin(1.0 - math.pow(1.0 - variable.attack_time, 3.0) * 180.0) * (variable.is_brandishing_spear ? -1.0 : 1.0 )",
						"variable.is_brandishing_spear ? 0.0 : (math.sin(math.sqrt(variable.attack_time) * 360) * 11.46) * 2.0",
						0
					]
				},
				"body2": {
					"rotation": [0, "math.sin(math.sqrt(variable.attack_time) * 360) * 11.46 - this", 0]
				},
				"rightArm2": {
					"rotation": [
						"math.sin(1.0 - math.pow(1.0 - variable.attack_time, 3.0) * 180.0) * (variable.is_brandishing_spear ? -1.0 : 1.0 )",
						"variable.is_brandishing_spear ? 0.0 : (math.sin(math.sqrt(variable.attack_time) * 360) * 11.46) * 2.0",
						0
					]
				},
				"leftArm2": {
					"rotation": ["math.sin(math.sqrt(variable.attack_time) * 360) * 11.46", 0, 0]
				}
			}
		},
		"animation.horror.bob": {
			"loop": true,
			"bones": {
				"leftArm": {
					"rotation": [0, 0, "((math.cos(query.life_time * 103.2) * 2.865) + 2.865) *-1.0"]
				},
				"rightArm": {
					"rotation": [0, 0, "(math.cos(query.life_time * 103.2) * 2.865) + 2.865"]
				},
				"rightArm2": {
					"rotation": [0, 0, "(math.cos(query.life_time * 103.2) * 2.865) + 2.865"]
				},
				"leftArm2": {
					"rotation": [0, 0, "((math.cos(query.life_time * 103.2) * 2.865) + 2.865) *-1.0"]
				}
			}
		},
		"animation.horror.move": {
			"loop": true,
			"bones": {
				"leftArm": {
					"rotation": ["variable.tcos0", 0, 0]
				},
				"leftLeg": {
					"rotation": ["variable.tcos0 * -1.4", 0, 0]
				},
				"rightArm": {
					"rotation": ["-variable.tcos0", 0, 0]
				},
				"rightLeg": {
					"rotation": ["variable.tcos0 * 1.4", 0, 0]
				},
				"rightArm2": {
					"rotation": ["-variable.tcos0", 0, 0]
				},
				"leftArm2": {
					"rotation": ["variable.tcos0", 0, 0]
				},
				"rightLeg2": {
					"rotation": ["variable.tcos0 * 1.4", 0, 0]
				},
				"leftLeg2": {
					"rotation": ["variable.tcos0 * -1.4", 0, 0]
				}
			}
		}
	}
}