{
	"format_version": "1.12.0",
	"minecraft:geometry": [
		{
			"description": {
				"identifier": "geometry.horror",
				"texture_width": 64,
				"texture_height": 32,
				"visible_bounds_width": 3,
				"visible_bounds_height": 6,
				"visible_bounds_offset": [0, 2, 0]
			},
			"bones": [
				{
					"name": "body",
					"pivot": [0, 42, 0],
					"reset": true,
					"cubes": [
						{"origin": [-4, 30, -2], "size": [8, 12, 4], "uv": [32, 16]}
					]
				},
				{
					"name": "head",
					"parent": "body",
					"pivot": [0, 42, 0],
					"cubes": [
						{"origin": [-4, 42, -4], "size": [8, 8, 8], "uv": [0, 0]},
						{"origin": [8, 49, -4], "size": [8, 8, 8], "uv": [0, 0]},
						{"origin": [-15, 48, -4], "size": [8, 8, 8], "uv": [0, 0]}
					]
				},
				{
					"name": "hat",
					"parent": "head",
					"pivot": [0, 42, 0],
					"reset": true,
					"cubes": [
						{"origin": [-4, 41.5, -4], "size": [8, 8, 8], "inflate": -0.5, "uv": [0, 16]}
					]
				},
				{
					"name": "hat2",
					"parent": "head",
					"pivot": [-11, 48, 0],
					"reset": true,
					"cubes": [
						{"origin": [-15, 47.5, -4], "size": [8, 8, 8], "inflate": -0.5, "uv": [0, 16]}
					]
				},
				{
					"name": "hat3",
					"parent": "head",
					"pivot": [12, 49, 0],
					"reset": true,
					"cubes": [
						{"origin": [8, 48.5, -4], "size": [8, 8, 8], "inflate": -0.5, "uv": [0, 16]}
					]
				},
				{
					"name": "rightArm",
					"parent": "body",
					"pivot": [-5, 40, 0],
					"reset": true,
					"cubes": [
						{"origin": [-6, 27.75, -1], "size": [2, 14.25, 2], "uv": [56, 0]},
						{"origin": [-6, 22.75, -10], "size": [2, 14.25, 2], "pivot": [0, -5, -9], "rotation": [-12.5, 0, 0], "uv": [56, 0]}
					]
				},
				{
					"name": "rightItem",
					"parent": "rightArm",
					"pivot": [-8, 19, 1]
				},
				{
					"name": "leftArm",
					"parent": "body",
					"pivot": [5, 40, 0],
					"reset": true,
					"mirror": true,
					"cubes": [
						{"origin": [4, 27.75, -1], "size": [2, 14.25, 2], "uv": [56, 0]},
						{"origin": [4, 22.75, -7], "size": [2, 14.25, 2], "pivot": [0, -5, -6], "rotation": [-7.5, 0, 0], "uv": [56, 0]}
					]
				},
				{
					"name": "rightLeg",
					"parent": "body",
					"pivot": [-2, 30, 0],
					"reset": true,
					"cubes": [
						{"origin": [-3, 13, -1], "size": [2, 17, 2], "uv": [56, 0]},
						{"origin": [-3, 0, -8], "size": [2, 19, 2], "pivot": [0, -13, -7], "rotation": [-12.5, 0, 0], "uv": [56, 0]},
						{"origin": [-3, 13, -1], "size": [2, 17, 2], "uv": [56, 0]}
					]
				},
				{
					"name": "leftLeg",
					"parent": "body",
					"pivot": [2, 30, 0],
					"reset": true,
					"mirror": true,
					"cubes": [
						{"origin": [1, 0, -9], "size": [2, 18, 2], "pivot": [0, -12, -8], "rotation": [-15, 0, 0], "uv": [56, 0]},
						{"origin": [1, 15, -1], "size": [2, 15, 2], "uv": [56, 0]}
					]
				}
			]
		}
	]
}